time,x,y,vx,vy
0.000000000000000000e+00,0.000000000000000000e+00,9.832899999999999974e-01,-3.029090109819997087e+04,0.000000000000000000e+00
1.264696903712028143e+05,-2.560464624315307927e-02,9.829620921738523309e-01,-3.028079636604552434e+04,-7.758000686844084157e+02
2.529393807424056286e+05,-5.119221273003678879e-02,9.819785255318734807e-01,-3.025049442155224460e+04,-1.551056620721446052e+03
3.794090711136084283e+05,-7.674563376351252464e-02,9.803399890650468240e-01,-3.020001851767672269e+04,-2.325226744269910341e+03
5.058787614848112571e+05,-1.022478698439832079e-01,9.780476303563080398e-01,-3.012940737524662109e+04,-3.097768502831660498e+03
6.323484518560140859e+05,-1.276819207283130531e-01,9.751030545506604863e-01,-3.003871513887140100e+04,-3.868141420802945049e+03
7.588181422272168566e+05,-1.530308384440744740e-01,9.715083229157134292e-01,-2.992801131536151297e+04,-4.635806966774392095e+03
8.852878325984197436e+05,-1.782777402443880554e-01,9.672659509948563494e-01,-2.979738069478663238e+04,-5.400229033839877047e+03
1.011757522969622514e+06,-2.034058214887463079e-01,9.623789063559086143e-01,-2.964692325433993392e+04,-6.160874416182934510e+03
1.138227213340825401e+06,-2.283983684353696197e-01,9.568506059386990836e-01,-2.947675404521128439e+04,-6.917213281219898818e+03
1.264696903712028172e+06,-2.532387709308277501e-01,9.506849130056279629e-01,-2.928700306270731744e+04,-7.668719636591429662e+03
1.391166594083230942e+06,-2.779105349828774885e-01,9.438861336998645157e-01,-2.907781509989067854e+04,-8.414871791308542015e+03
1.517636284454433713e+06,-3.023972952027097483e-01,9.364590132164076763e-01,-2.884934958504396127e+04,-9.155152810375535410e+03
1.644105974825636484e+06,-3.266828271030733921e-01,9.284087315918043704e-01,-2.860178040329612486e+04,-9.889050962230379810e+03
1.770575665196839487e+06,-3.507510592390393200e-01,9.197408991188700256e-01,-2.833529570278018582e+04,-1.061606015836292318e+04
1.897045355568042258e+06,-3.745860851784952317e-01,9.104615513932856619e-01,-2.805009768572072426e+04,-1.133568038449277265e+04
2.023515045939245028e+06,-3.981721752898089717e-01,9.005771439994613159e-01,-2.774640238487804891e+04,-1.204741812271178060e+04
2.149984736310448032e+06,-4.214937883344712644e-01,8.900945468435470520e-01,-2.742443942580281509e+04,-1.275078676402048040e+04
2.276454426681650802e+06,-4.445355828529223285e-01,8.790210381419427677e-01,-2.708445177538008647e+04,-1.344530701071369913e+04
2.402924117052853573e+06,-4.672824283321838634e-01,8.673642980741115283e-01,-2.672669547716564557e+04,-1.413050726809765729e+04
2.529393807424056344e+06,-4.897194161443492177e-01,8.551324021089220517e-01,-2.635143937403924792e+04,-1.480592402504900565e+04
2.655863497795259114e+06,-5.118318702454401903e-01,8.423338140141510832e-01,-2.595896481871978904e+04,-1.547110222295552194e+04
2.782333188166461885e+06,-5.336053576246051477e-01,8.289773785591513233e-01,-2.554956537270584886e+04,-1.612559561260828195e+04
2.908802878537664656e+06,-5.550256984941175364e-01,8.150723139210415136e-01,-2.512354649422159491e+04,-1.676896709864597506e+04
3.035272568908867426e+06,-5.760789762111309109e-01,8.006282038050995808e-01,-2.468122521576285726e+04,-1.740078907118361894e+04
3.161742259280070197e+06,-5.967515469226536418e-01,7.856549892903363919e-01,-2.422292981185098688e+04,-1.802064372428992647e+04
3.288211949651272967e+06,-6.170300489257271037e-01,7.701629604115006744e-01,-2.374899945761309937e+04,-1.862812336101013352e+04
3.414681640022476204e+06,-6.369014117353157811e-01,7.541627474890034710e-01,-2.325978387881633535e+04,-1.922283068466378973e+04
3.541151330393678974e+06,-6.563528648529524112e-01,7.376653122184689826e-01,-2.275564299399093215e+04,-1.980437907617996461e+04
3.667621020764881745e+06,-6.753719462297212983e-01,7.206819385318049553e-01,-2.223694654928211094e+04,-2.037239285726532034e+04
3.794090711136084516e+06,-6.939465104177040544e-01,7.032242232418425276e-01,-2.170407374667427939e+04,-2.092650753923336015e+04
3.920560401507287286e+06,-7.120647364045563643e-01,6.853040664827304562e-01,-2.115741286623243650e+04,-2.146637005735594357e+04
4.047030091878490057e+06,-7.297151351264324903e-01,6.669336619583684511e-01,-2.059736088300553820e+04,-2.199163899063051576e+04
4.173499782249692827e+06,-7.468865566550153545e-01,6.481254870112435063e-01,-2.002432307923445478e+04,-2.250198476688861047e+04
4.299969472620896064e+06,-7.635681970549529352e-01,6.288922925240821860e-01,-1.943871265250343640e+04,-2.299708985320266584e+04
4.426439162992098369e+06,-7.797496049085402836e-01,6.092470926667541420e-01,-1.884095032046855704e+04,-2.347664893157911865e+04
4.552908853363301605e+06,-7.954206875050198189e-01,5.892031545008598048e-01,-1.823146392278958592e+04,-2.394036905995606139e+04
4.679378543734503910e+06,-8.105717166923942507e-01,5.687739874544087693e-01,-1.761068802088317170e+04,-2.438796981855306876e+04
4.805848234105707146e+06,-8.251933343901722839e-01,5.479733326789396619e-01,-1.697906349610510006e+04,-2.481918344164960581e+04
4.932317924476909451e+06,-8.392765577619678563e-01,5.268151523013607784e-01,-1.633703714695807867e+04,-2.523375493489587825e+04
5.058787614848112687e+06,-8.528127840473793686e-01,5.053136185826844207e-01,-1.568506128590851222e+04,-2.563144217828688852e+04
5.185257305219314992e+06,-8.657937950530595339e-01,4.834831029957167292e-01,-1.502359333638198405e+04,-2.601201601495585055e+04
5.311726995590518229e+06,-8.782117613033610937e-01,4.613381652336103200e-01,-1.435309543049166314e+04,-2.637526032596781079e+04
5.438196685961721465e+06,-8.900592458514084981e-01,4.388935421610350440e-01,-1.367403400803791919e+04,-2.672097209131741693e+04
5.564666376332923770e+06,-9.013292077518900713e-01,4.161641367195329511e-01,-1.298687941729989143e+04,-2.704896143735710575e+04
5.691136066704127006e+06,-9.120150051973002769e-01,3.931650067984263641e-01,-1.229210551812178892e+04,-2.735905167090262694e+04
5.817605757075329311e+06,-9.221103983197768139e-01,3.699113540824330304e-01,-1.159018928777772999e+04,-2.765107930028248302e+04
5.944075447446532547e+06,-9.316095516610811700e-01,3.464185128869014529e-01,-1.088161043007906483e+04,-2.792489404361612469e+04
6.070545137817734852e+06,-9.405070363136491807e-01,3.227019389913434733e-01,-1.016685098816807840e+04,-2.818035882462256995e+04
6.197014828188938089e+06,-9.487978317360118430e-01,2.987771984816656179e-01,-9.446394961420781328e+03,-2.841734975627685708e+04
6.323484518560140394e+06,-9.564773272462295806e-01,2.746599566112400415e-01,-8.720727926860490697e+03,-2.863575611264577310e+04
6.449954208931343630e+06,-9.635413231973154469e-01,2.503659666906568049e-01,-7.990336665461836674e+03,-2.883548028924737082e+04
6.576423899302545935e+06,-9.699860318389339486e-01,2.259110590157162313e-01,-7.255708793703195624e+03,-2.901643775229022503e+04
6.702893589673749171e+06,-9.758080778699582680e-01,2.013111298429020868e-01,-6.517332400702965970e+03,-2.917855697715859424e+04
6.829363280044952407e+06,-9.810044986867364480e-01,1.765821304212743525e-01,-5.775695691253105906e+03,-2.932177937651855973e+04
6.955832970416154712e+06,-9.855727443321791181e-01,1.517400560893904238e-01,-5.031286635040651163e+03,-2.944605921842779208e+04
7.082302660787357949e+06,-9.895106771510163712e-01,1.268009354455434390e-01,-4.284592622325720185e+03,-2.955136353483786661e+04
7.208772351158560254e+06,-9.928165711567829010e-01,1.017808195992750409e-01,-3.536100126322252436e+03,-2.963767202088309568e+04
7.335242041529763490e+06,-9.954891111162987860e-01,7.669577151177948970e-02,-2.786294372505362844e+03,-2.970497692535372698e+04
7.461711731900965795e+06,-9.975273913575860574e-01,5.156185543248792413e-02,-2.035659015047623825e+03,-2.975328293275386750e+04
7.588181422272169031e+06,-9.989309143073270558e-01,2.639512643877147194e-02,-1.284675820564578771e+03,-2.978260703734609706e+04
7.714651112643371336e+06,-9.996995887641094702e-01,1.211620085373504982e-03,-5.338243593288779039e+02,-2.979297840958500456e+04
7.841120803014574572e+06,-9.998337279138360678e-01,-2.397265783017055868e-02,2.164182959088450389e+02,-2.978443825534122516e+04
7.967590493385776877e+06,-9.993340470937781550e-01,-4.914174138019421212e-02,9.655778633743260571e+02,-2.975703966831577418e+04
8.094060183756980114e+06,-9.982016613118466219e-01,-7.427971449205870991e-02,1.713183137901554346e+03,-2.971084747604181393e+04
8.220529874128183350e+06,-9.964380825277275866e-01,-9.937072080054951129e-02,2.458766268663579922e+03,-2.964593807986725733e+04
8.346999564499385655e+06,-9.940452167025901620e-01,-1.243989733625913835e-01,3.201863028942811070e+03,-2.956239928930716269e+04
8.473469254870587960e+06,-9.910253606241133939e-01,-1.493487642296824902e-01,3.942013077899453037e+03,-2.946033015114942464e+04
8.599938945241792127e+06,-9.873811985136077274e-01,-1.742044738737719700e-01,4.678760214314414043e+03,-2.933984077369111401e+04
8.726408635612994432e+06,-9.831157984220219026e-01,-1.989505804626207908e-01,5.411652622299992800e+03,-2.920105214647598768e+04
8.852878325984196737e+06,-9.782326084216206308e-01,-2.235716689810013647e-01,6.140243108988091080e+03,-2.904409595589599485e+04
8.979348016355399042e+06,-9.727354526001061874e-01,-2.480524401943824953e-01,6.864089334220964702e+03,-2.886911439701148629e+04
9.105817706726603210e+06,-9.666285268639288608e-01,-2.723777194520558553e-01,7.582754032284773530e+03,-2.867625998193598571e+04
9.232287397097805515e+06,-9.599163945574922252e-01,-2.965324653269382771e-01,8.295805225740030437e+03,-2.846569534512204336e+04
9.358757087469007820e+06,-9.526039819049051394e-01,-3.205017780895743074e-01,9.002816431416762498e+03,-2.823759304587486622e+04
9.485226777840211987e+06,-9.446965732808719762e-01,-3.442709080141237443e-01,9.703366858654464522e+03,-2.799213536841020323e+04
9.611696468211414292e+06,-9.361998063172400908e-01,-3.678252635143905436e-01,1.039704159987913954e+04,-2.772951411976229065e+04
9.738166158582616597e+06,-9.271196668516369366e-01,-3.911504191082047499e-01,1.108343181362083851e+04,-2.744993042583662827e+04
9.864635848953818902e+06,-9.174624837245441977e-01,-4.142321232087028959e-01,1.176213490008523695e+04,-2.715359452589115608e+04
9.991105539325023070e+06,-9.072349234310483901e-01,-4.370563057412990005e-01,1.243275466940276237e+04,-2.684072556571780660e+04
1.011757522969622537e+07,-8.964439846334053552e-01,-4.596090855853556811e-01,1.309490150268741854e+04,-2.651155138978468676e+04
1.024404492006742768e+07,-8.850969925404371663e-01,-4.818767778397862189e-01,1.374819250604585977e+04,-2.616630833258715211e+04
1.037051461043862998e+07,-8.732015931596600611e-01,-5.038459009120136445e-01,1.439225165768435909e+04,-2.580524100944411475e+04
1.049698430080983415e+07,-8.607657474279125642e-01,-5.255031834299191962e-01,1.502670994826837523e+04,-2.542860210696364447e+04
1.062345399118103646e+07,-8.477977252261221786e-01,-5.468355709765855277e-01,1.565120551469514248e+04,-2.503665217338982256e+04
1.074992368155223876e+07,-8.343060992837069145e-01,-5.678302326478271711e-01,1.626538376744528978e+04,-2.462965940903045339e+04
1.087639337192344293e+07,-8.202997389779703719e-01,-5.884745674326473663e-01,1.686889751168381554e+04,-2.420789945695323331e+04
1.100286306229464523e+07,-8.057878040337007608e-01,-6.087562104169293997e-01,1.746140706228496492e+04,-2.377165519412557114e+04
1.112933275266584754e+07,-7.907797381280330384e-01,-6.286630388108076506e-01,1.804258035295889567e+04,-2.332121652316123073e+04
1.125580244303704984e+07,-7.752852624054891173e-01,-6.481831778002912214e-01,1.861209303966048901e+04,-2.285688016482505918e+04
1.138227213340825401e+07,-7.593143689079475678e-01,-6.673050062238459201e-01,1.916962859846305582e+04,-2.237894945143496443e+04
1.150874182377945632e+07,-7.428773139241493517e-01,-6.860171620747432808e-01,1.971487841808100347e+04,-2.188773412128875862e+04
1.163521151415065862e+07,-7.259846112631801462e-01,-7.043085478300979974e-01,2.024754188722666731e+04,-2.138355011423170436e+04
1.176168120452186093e+07,-7.086470254562224902e-01,-7.221683356075982996e-01,2.076732647698667279e+04,-2.086671936846943208e+04
1.188815089489306509e+07,-6.908755648907065616e-01,-7.395859721510250617e-01,2.127394781840336145e+04,-2.033756961871947715e+04
1.201462058526426740e+07,-6.726814748808384037e-01,-7.565511836457243788e-01,2.176712977544594469e+04,-1.979643419578394241e+04
1.214109027563546970e+07,-6.540762306783195479e-01,-7.730539803652715092e-01,2.224660451355521946e+04,-1.924365182761478354e+04
1.226755996600667387e+07,-6.350715304269297645e-01,-7.890846611506072694e-01,2.271211256394380689e+04,-1.867956644193310058e+04
1.239402965637787618e+07,-6.156792880644816890e-01,-8.046338177229873656e-01,2.316340288383208826e+04,-1.810452697045334571e+04
1.252049934674907848e+07,-5.959116261755053046e-01,-8.196923388321204484e-01,2.360023291279762998e+04,-1.751888715475339268e+04
1.264696903712028079e+07,-5.757808687978797080e-01,-8.342514142408962163e-01,2.402236862541279334e+04,-1.692300535382210728e+04
1.277343872749148495e+07,-5.552995341864718215e-01,-8.483025385481354208e-01,2.442958458034234354e+04,-1.631724435330631241e+04
1.289990841786268726e+07,-5.344803275367078221e-01,-8.618375148508006234e-01,2.482166396606905982e+04,-1.570197117647032246e+04
1.302637810823388956e+07,-5.133361336708528455e-01,-8.748484582471244275e-01,2.519839864341163775e+04,-1.507755689687222366e+04
1.315284779860509187e+07,-4.918800096896496776e-01,-8.873277991820970323e-01,2.555958918499473657e+04,-1.444437645275300019e+04
1.327931748897629604e+07,-4.701251775918205977e-01,-8.992682866367635031e-01,2.590504491182669517e+04,-1.380280846312620270e+04
1.340578717934749834e+07,-4.480850168638187969e-01,-9.106629911627558416e-01,2.623458392713544890e+04,-1.315323504554838837e+04
1.353225686971870065e+07,-4.257730570420798499e-01,-9.215053077634739465e-01,2.654803314760826834e+04,-1.249604163554285151e+04
1.365872656008990481e+07,-4.032029702499138057e-01,-9.317889586232949162e-01,2.684522833217539301e+04,-1.183161680764244556e+04
1.378519625046110712e+07,-3.803885637110550610e-01,-9.415079956861645005e-01,2.712601410847218722e+04,-1.116035209801028759e+04
1.391166594083230942e+07,-3.573437722417739382e-01,-9.506568030848860928e-01,2.739024399710870421e+04,-1.048264182859073117e+04
1.403813563120351173e+07,-3.340826507233582432e-01,-9.592300994223769139e-01,2.763778043386932040e+04,-9.798882932737218653e+03
1.416460532157471590e+07,-3.106193665566587270e-01,-9.672229399061154087e-01,2.786849478995915706e+04,-9.109474782257580955e+03
1.429107501194591820e+07,-2.869681921003076619e-01,-9.746307183369516958e-01,2.808226739040744724e+04,-8.414819015812237922e+03
1.441754470231712051e+07,-2.631434970941181617e-01,-9.814491689533969554e-01,2.827898753073163243e+04,-7.715319368595474771e+03
1.454401439268832281e+07,-2.391597410691002623e-01,-9.876743681324423596e-01,2.845855349195913732e+04,-7.011381503225640699e+03
1.467048408305952698e+07,-2.150314657454380773e-01,-9.933027359478991958e-01,2.862087255409706995e+04,-6.303412841765426492e+03
1.479695377343072928e+07,-1.907732874197083095e-01,-9.983310375871796705e-01,2.876586100813309531e+04,-5.591822398789662657e+03
1.492342346380193159e+07,-1.663998893425440995e-01,-1.002756384627368380e+00,2.889344416664373421e+04,-4.877020615414155145e+03
1.504989315417313576e+07,-1.419260140878976784e-01,-1.006576236171357719e+00,2.900355637307907091e+04,-4.159419194196120770e+03
1.517636284454433806e+07,-1.173664559149918546e-01,-1.009788399844747664e+00,2.909614100978576244e+04,-3.439430934813545718e+03
1.530283253491554037e+07,-9.273605312399947620e-02,-1.012391032654127221e+00,2.917115050482278457e+04,-2.717469570428152565e+03
1.542930222528674267e+07,-6.804968040645803518e-02,-1.014382641707271437e+00,2.922854633761703735e+04,-1.993949604634685329e+03
1.555577191565794684e+07,-4.332224119137750851e-02,-1.015762084795714060e+00,2.926829904349844946e+04,-1.269286148896902432e+03
1.568224160602914914e+07,-1.856865998797831152e-02,-1.016528570840058210e+00,2.929038821714670485e+04,-5.438947603693653718e+02
1.580871129640035145e+07,6.196125274036731051e-03,-1.016681660198312853e+00,2.929480251497424979e+04,1.818087199974522719e+02
1.593518098677155375e+07,3.095717090577796912e-02,-1.016221264837448013e+00,2.928153965646254801e+04,9.074083291717548718e+02
1.606165067714275792e+07,5.569953512115732169e-02,-1.015147648368278865e+00,2.925060642446107522e+04,1.632488143678706820e+03
1.618812036751396023e+07,8.040828569868962994e-02,-1.013461425943699146e+00,2.920201866445086853e+04,2.356632441266350725e+03
1.631459005788516253e+07,1.050685076422354369e-01,-1.011163564020194583e+00,2.913580128276689720e+04,3.079425862703315943e+03
1.644105974825636670e+07,1.296653108397931575e-01,-1.008255379982484712e+00,2.905198824376584525e+04,3.800453573811686510e+03
1.656752943862756900e+07,1.541838377194438836e-01,-1.004738541631047921e+00,2.895062256591841651e+04,4.519301427837922347e+03
1.669399912899877131e+07,1.786092709015313362e-01,-1.000615066532201558e+00,2.883175631679761864e+04,5.235556128263626306e+03
1.682046881936997548e+07,2.029268408461228079e-01,-9.958873212303233080e-01,2.869545060692703919e+04,5.948805392156248672e+03
1.694693850974117592e+07,2.271218334947718298e-01,-9.905580203217150270e-01,2.854177558244559987e+04,6.658638114158288772e+03
1.707340820011238009e+07,2.511795979055672645e-01,-9.846302253895287127e-01,2.837081041653784996e+04,7.364644531211550202e+03
1.719987789048358425e+07,2.750855538803869127e-01,-9.781073437990934760e-01,2.818264329957156588e+04,8.066416388109949366e+03
1.732634758085478470e+07,2.988251995832507668e-01,-9.709931273529039952e-01,2.797737142787705307e+04,8.763547103972463447e+03
1.745281727122598886e+07,3.223841191485891655e-01,-9.632916708044543252e-01,2.775510099109535076e+04,9.455631939723994947e+03
1.757928696159719303e+07,3.457479902781759318e-01,-9.550074102300321055e-01,2.751594715801558050e+04,1.014226816666848208e+04
1.770575665196839347e+07,3.689025918254258407e-01,-9.461451212575114900e-01,2.726003406081443609e+04,1.082305523623530462e+04
1.783222634233959764e+07,3.918338113656600341e-01,-9.367099171511216182e-01,2.698749477760410809e+04,1.149759495097532454e+04
1.795869603271079808e+07,4.145276527508606756e-01,-9.267072467511073830e-01,2.669847131318823085e+04,1.216549163687836881e+04
1.808516572308200225e+07,4.369702436473721363e-01,-9.161428922671276398e-01,2.639311457791854627e+04,1.282635231707979983e+04
1.821163541345320642e+07,4.591478430548753820e-01,-9.050229669242010333e-01,2.607158436453895047e+04,1.347978688701754982e+04
1.833810510382440686e+07,4.810468488049001179e-01,-8.933539124599402248e-01,2.573404932289689896e+04,1.412540829109651713e+04
1.846457479419561103e+07,5.026538050370128463e-01,-8.811424964717812225e-01,2.538068693239627464e+04,1.476283270091065424e+04
1.859104448456681520e+07,5.239554096507105241e-01,-8.683958096128752135e-01,2.501168347205997998e+04,1.539167969506687950e+04
1.871751417493801564e+07,5.449385217309521412e-01,-8.551212626352673318e-01,2.462723398806455225e+04,1.601157244064886982e+04
1.884398386530921981e+07,5.655901689451265923e-01,-8.413265832789629250e-01,2.422754225860386941e+04,1.662213787635140034e+04
1.897045355568042397e+07,5.858975549091290924e-01,-8.270198130054650099e-01,2.381282075593384434e+04,1.722300689730860904e+04
1.909692324605162442e+07,6.058480665201123605e-01,-8.122093035743346290e-01,2.338329060544474851e+04,1.781381454163250964e+04
1.922339293642282858e+07,6.254292812533248647e-01,-7.969037134613282669e-01,2.293918154160339691e+04,1.839420017866963826e+04
1.934986262679402903e+07,6.446289744203183014e-01,-7.811120041166645933e-01,2.248073186060310763e+04,1.896380769897550999e+04
1.947633231716523319e+07,6.634351263856841374e-01,-7.648434360619588146e-01,2.200818836955480219e+04,1.952228570599851810e+04
1.960280200753643736e+07,6.818359297393075114e-01,-7.481075648244013276e-01,2.152180633204962942e+04,2.006928770945520591e+04
1.972927169790763780e+07,6.998197964210102207e-01,-7.309142367067493762e-01,2.102184940991932672e+04,2.060447232037043068e+04
1.985574138827884197e+07,7.173753647942916478e-01,-7.132735843917433760e-01,2.050858960101803677e+04,2.112750344774597397e+04
1.998221107865004614e+07,7.344915066657196068e-01,-6.951960223795942140e-01,1.998230717284666389e+04,2.163805049681134915e+04
2.010868076902124658e+07,7.511573342463938596e-01,-6.766922422572195783e-01,1.944329059183820573e+04,2.213578856880086096e+04
2.023515045939245075e+07,7.673622070517287508e-01,-6.577732077979691061e-01,1.889183644812117200e+04,2.262039866219029864e+04
2.036162014976365492e+07,7.830957387356523025e-01,-6.384501498906413053e-01,1.832824937557682642e+04,2.309156787531593363e+04
2.048808984013485536e+07,7.983478038551725664e-01,-6.187345612966524966e-01,1.775284196700476605e+04,2.354898961028814665e+04
2.061455953050605953e+07,8.131085445610924944e-01,-5.986381912343059497e-01,1.716593468421132638e+04,2.399236377810041085e+04
2.074102922087725997e+07,8.273683772105007161e-01,-5.781730397892049789e-01,1.656785576283559203e+04,2.442139700482319313e+04
2.086749891124846414e+07,8.411179988965196141e-01,-5.573513521499275924e-01,1.595894111172777593e+04,2.483580283876114845e+04
2.099396860161966830e+07,8.543483938906162312e-01,-5.361856126682229551e-01,1.533953420669700427e+04,2.523530195843974798e+04
2.112043829199086875e+07,8.670508399926498688e-01,-5.146885387430720771e-01,1.470998597844634241e+04,2.561962238127621822e+04
2.124690798236207291e+07,8.792169147836605969e-01,-4.928730745281077463e-01,1.407065469451594981e+04,2.598849967277735414e+04
2.137337767273327708e+07,8.908385017762567859e-01,-4.707523844620243869e-01,1.342190583505827271e+04,2.634167715609467996e+04
2.149984736310447752e+07,9.019077964573206652e-01,-4.483398466217388689e-01,1.276411196227235268e+04,2.667890612175562637e+04
2.162631705347568169e+07,9.124173122175952555e-01,-4.256490458982425951e-01,1.209765258332909798e+04,2.699994603737679063e+04
2.175278674384688586e+07,9.223598861625790235e-01,-4.026937669952495025e-01,1.142291400662441811e+04,2.730456475715324268e+04
2.187925643421808630e+07,9.317286847990268184e-01,-3.794879872509112073e-01,1.074028919120220053e+04,2.759253873090582783e+04
2.200572612458929047e+07,9.405172095912139874e-01,-3.560458692830734684e-01,1.005017758919604967e+04,2.786365321245591622e+04
2.213219581496049091e+07,9.487193023809987746e-01,-3.323817534587525380e-01,9.352984981145749771e+03,2.811770246708505874e+04
2.225866550533169508e+07,9.563291506656089735e-01,-3.085101501886937103e-01,8.649123304051579908e+03,2.835448997782521474e+04
2.238513519570289925e+07,9.633412927269485726e-01,-2.844457320481328932e-01,7.939010472039189153e+03,2.857382865031296751e+04
2.251160488607409969e+07,9.697506226061346490e-01,-2.602033257250760401e-01,7.223070189515928178e+03,2.877554101592991356e+04
2.263807457644530386e+07,9.755523949168677378e-01,-2.357979037976715153e-01,6.501731756710278205e+03,2.895945943293972232e+04
2.276454426681650802e+07,9.807422294911521954e-01,-2.112445763425038481e-01,5.775429867496761290e+03,2.912542628532122762e+04
2.289101395718770847e+07,9.853161158508104700e-01,-1.865585823758729167e-01,5.044604399419699803e+03,2.927329417898629981e+04
2.301748364755891263e+07,9.892704174981636900e-01,-1.617552811304122096e-01,4.309700195842031462e+03,2.940292613506055568e+04
2.314395333793011680e+07,9.926018760191924750e-01,-1.368501431696749204e-01,3.571166840158448849e+03,2.951419577989499157e+04
2.327042302830131724e+07,9.953076149924510174e-01,-1.118587413435822436e-01,2.829458422025327764e+03,2.960698753146713352e+04
2.339689271867252141e+07,9.973851436969689566e-01,-8.679674158793980465e-02,2.085033295575011380e+03,2.968119678182111602e+04
2.352336240904372185e+07,9.988323606123565845e-01,-6.167989357152992708e-02,1.338353829597299637e+03,2.973673007518758095e+04
2.364983209941492602e+07,9.996475567043219268e-01,-3.652402119456782392e-02,5.898861496861862861e+02,2.977350528141651375e+04
2.377630178978613019e+07,9.998294184888099068e-01,-1.134501294266382701e-02,-1.599001276322641161e+02,2.979145176434871246e+04
2.390277148015733063e+07,9.993770308680018921e-01,1.384118789928735251e-02,-9.105321687588727855e+02,2.979051054474521516e+04
2.402924117052853480e+07,9.982898797314373462e-01,3.901859316851951504e-02,-1.661534204816387273e+03,2.977063445738813243e+04
2.415571086089973897e+07,9.965678543155812585e-01,6.417117987601068940e-02,-2.412427821311279331e+03,2.973178830196140916e+04
2.428218055127093941e+07,9.942112493152224229e-01,8.928290038288975994e-02,-3.162732255574398550e+03,2.967394898731597641e+04
2.440865024164214358e+07,9.912207667401673472e-01,1.143376926958663553e-01,-3.911964701872264868e+03,2.959710566872051641e+04
2.453511993201334774e+07,9.875975175108021586e-01,1.393194908755780170e-01,-4.659640624060551090e+03,2.950125987769686253e+04
2.466158962238454819e+07,9.833430227862048900e-01,1.642122355514293308e-01,-5.405274075631205051e+03,2.938642564403787765e+04
2.478805931275575235e+07,9.784592150186297577e-01,1.889998845361371693e-01,-6.148378026982955816e+03,2.925262960960537748e+04
2.491452900312695280e+07,9.729484387283351410e-01,2.136664235328565309e-01,-6.888464699723445847e+03,2.909991113350675005e+04
2.504099869349815696e+07,9.668134509929000586e-01,2.381958769274472032e-01,-7.625045907790214187e+03,2.892832238825080276e+04
2.516746838386936113e+07,9.600574216453630072e-01,2.625723186580662949e-01,-8.357633405154501816e+03,2.873792844648680693e+04
2.529393807424056157e+07,9.526839331757248619e-01,2.867798831539780102e-01,-9.085739239850827289e+03,2.852880735793492204e+04
2.542040776461176574e+07,9.446969803305832469e-01,3.108027763351170480e-01,-9.808876114052169214e+03,2.830105021612204655e+04
2.554687745498296991e+07,9.361009694059180264e-01,3.346252866636211243e-01,-1.052655774988817939e+04,2.805476121454406166e+04
2.567334714535417035e+07,9.269007172283040275e-01,3.582317962382489673e-01,-1.123829926068208806e+04,2.779005769188356135e+04
2.579981683572537452e+07,9.171014498201164322e-01,3.816067919222709826e-01,-1.194361752725903716e+04,2.750707016592183572e+04
2.592628652609657869e+07,9.067088007445993636e-01,4.047348764951211875e-01,-1.264203157895648837e+04,2.720594235579481756e+04
2.605275621646777913e+07,8.957288091269811625e-01,4.276007798178235175e-01,-1.333306297894603813e+04,2.688683119225471455e+04
2.617922590683898330e+07,8.841679173481662435e-01,4.501893700019097833e-01,-1.401623621345384890e+04,2.654990681561279052e+04
2.630569559721018374e+07,8.720329684078943489e-01,4.724856645712754433e-01,-1.469107908444582063e+04,2.619535256105381995e+04
2.643216528758138791e+07,8.593312029546182895e-01,4.944748416061895968e-01,-1.535712310532366610e+04,2.582336493102854001e+04
2.655863497795259207e+07,8.460702559797659283e-01,5.161422508583964897e-01,-1.601390389915697233e+04,2.543415355444870511e+04
2.668510466832379252e+07,8.322581531744408512e-01,5.374734248260599756e-01,-1.666096159895807068e+04,2.502794113242762251e+04
2.681157435869499668e+07,8.179033069470520445e-01,5.584540897770660095e-01,-1.729784124948729368e+04,2.460496337032967858e+04
2.693804404906620085e+07,8.030145121008070985e-01,5.790701767090136176e-01,-1.792409321005849415e+04,2.416546889591385843e+04
2.706451373943740129e+07,7.876009411704445462e-01,5.993078322340646968e-01,-1.853927355779848585e+04,2.370971916337868606e+04
2.719098342980860546e+07,7.716721394180624527e-01,6.191534293766565167e-01,-1.914294449079780679e+04,2.323798834314020860e+04
2.731745312017980963e+07,7.552380194883820952e-01,6.385935782719475151e-01,-1.973467473057561801e+04,2.275056319719980456e+04
2.744392281055101007e+07,7.383088557242672989e-01,6.576151367527742764e-01,-2.031403992326865409e+04,2.224774293998433859e+04
2.757039250092221424e+07,7.208952781438349167e-01,6.762052208127911079e-01,-2.088062303894150318e+04,2.172983908456877543e+04
2.769686219129341468e+07,7.030082660810094142e-01,6.943512149334040151e-01,-2.143401476840478063e+04,2.119717527421958948e+04
2.782333188166461885e+07,6.846591414918775653e-01,7.120407822620844485e-01,-2.197381391691903627e+04,2.065008709922578055e+04
2.794980157203582302e+07,6.658595619297572599e-01,7.292618746296067878e-01,-2.249962779415348632e+04,2.008892189901508391e+04
2.807627126240702346e+07,6.466215131924034631e-01,7.460027423937934943e-01,-2.301107259976337082e+04,1.951403854958269221e+04
2.820274095277822763e+07,6.269573016453284797e-01,7.622519440973674065e-01,-2.350777380394460124e+04,1.892580723629164277e+04
2.832921064314943179e+07,6.068795462257630113e-01,7.779983559275770455e-01,-2.398936652232147026e+04,1.832460921213577603e+04
2.845568033352063224e+07,5.864011701323086356e-01,7.932311809653630474e-01,-2.445549588452248645e+04,1.771083654158803256e+04
2.858215002389183640e+07,5.655353922058968807e-01,8.079399582119405343e-01,-2.490581739579962596e+04,1.708489183018987387e+04
2.870861971426304057e+07,5.442957180082124147e-01,8.221145713808141187e-01,-2.533999729104882863e+04,1.644718794007047836e+04
2.883508940463424101e+07,5.226959306042630038e-01,8.357452574434319770e-01,-2.575771288059420840e+04,1.579814769161681579e+04
2.896155909500544518e+07,5.007500810563321192e-01,8.488226149168711654e-01,-2.615865288710437380e+04,1.513820355154919889e+04
2.908802878537664562e+07,4.784724786370813110e-01,8.613376118821776117e-01,-2.654251777301730908e+04,1.446779730768978152e+04
2.921449847574784979e+07,4.558776807700708478e-01,8.732815937222531133e-01,-2.690902005786079098e+04,1.378737973074343608e+04
2.934096816611905396e+07,4.329804827065145689e-01,8.846462905684454592e-01,-2.725788462486651770e+04,1.309741022344381599e+04
2.946743785649025440e+07,4.097959069475530791e-01,8.954238244453301965e-01,-2.758884901629065644e+04,1.239835645744811336e+04
2.959390754686145857e+07,3.863391924218425033e-01,9.056067161034946356e-01,-2.790166371686878119e+04,1.169069399839597099e+04
2.972037723723266274e+07,3.626257834287309190e-01,9.151878915305043938e-01,-2.819609242485077266e+04,1.097490591957847755e+04
2.984684692760386318e+07,3.386713183577382269e-01,9.241606881306260179e-01,-2.847191231008089744e+04,1.025148240469230586e+04
2.997331661797506735e+07,3.144916181955152990e-01,9.325188605642871220e-01,-2.872891425860915479e+04,9.520920340183314693e+03
3.009978630834627151e+07,2.901026748318845661e-01,9.402565862386956796e-01,-2.896690310334286551e+04,8.783722897711577389e+03
3.022625599871747196e+07,2.655206391769497909e-01,9.473684704415010760e-01,-2.918569784027224887e+04,8.040399107295714202e+03
3.035272568908867612e+07,2.407618091016646422e-01,9.538495511098661339e-01,-2.938513182982960279e+04,7.291463421720084625e+03
3.047919537945987657e+07,2.158426172146114264e-01,9.596953032278128237e-01,-2.956505298296938781e+04,6.537435272812248513e+03
3.060566506983108073e+07,1.907796184880529988e-01,9.649016428452372729e-01,-2.972532393158577179e+04,5.778838620219537916e+03
3.073213476020228490e+07,1.655894777466721535e-01,9.694649307125257076e-01,-2.986582218291433310e+04,5.016201493335485793e+03
3.085860445057348534e+07,1.402889570326575630e-01,9.733819755252609562e-01,-2.998644025759649230e+04,4.250055527044598421e+03
3.098507414094468951e+07,1.148949028610795065e-01,9.766500367740839073e-01,-3.008708581111792591e+04,3.480935491971946249e+03
3.111154383131589368e+07,8.942423337972753294e-02,9.792668271953568482e-01,-3.016768173836601272e+04,2.709378819939390269e+03
3.123801352168709412e+07,6.389392544776308080e-02,9.812305148188822379e-01,-3.022816626108621858e+04,1.935925125343096624e+03
3.136448321205829829e+07,3.832100164773146606e-02,9.825397246095312065e-01,-3.026849299805268311e+04,1.161115723179100542e+03
3.149095290242950246e+07,1.272251724561828008e-02,9.831935397002609101e-01,-3.028863101780454235e+04,3.854931444531166562e+02
3.161742259280070290e+07,-1.288445288627459127e-02,9.831915022146208161e-01,-3.028856487383624699e+04,-3.903993502823931294e+02
3.174389228317190707e+07,-3.848282736875944382e-02,9.825336136774848184e-01,-3.026829462216719185e+04,-1.166018258514990748e+03
3.187036197354310751e+07,-6.405553142257741639e-02,9.812203350133722468e-01,-3.022783582125340399e+04,-1.940820323730737982e+03
3.199683166391431168e+07,-8.958550996768580021e-02,9.792525861323638781e-01,-3.016721951424155850e+04,-2.714263022992007336e+03
3.212330135428551584e+07,-1.150557407000814547e-01,9.766317451042542119e-01,-3.008649219360310963e+04,-3.485805053382075585e+03
3.224977104465671629e+07,-1.404492471313122659e-01,9.733596469222106640e-01,-2.998571574822367984e+04,-4.254906816568427530e+03
3.237624073502792045e+07,-1.657491115758823186e-01,9.694385818578481473e-01,-2.986496739306001837e+04,-5.021030900741232472e+03
3.250271042539912462e+07,-1.909384880718670852e-01,9.648712934102495753e-01,-2.972433958151350816e+04,-5.783642559190910106e+03
3.262918011577032506e+07,-2.160006152202166019e-01,9.596609758520785460e-01,-2.956393990070537257e+04,-6.542210184798813316e+03
3.275564980614152923e+07,-2.409188289283762108e-01,9.538112713765435347e-01,-2.938389094987424323e+04,-7.296205779725944922e+03
3.288211949651273340e+07,-2.656765750440553409e-01,9.473262668495731065e-01,-2.918433020215149736e+04,-8.045105419598120534e+03
3.300858918688393384e+07,-2.902574218652254623e-01,9.402104901721421992e-01,-2.896540985000349610e+04,-8.788389711501975398e+03
3.313505887725513801e+07,-3.146450725126668235e-01,9.324689062582653953e-01,-2.872729663466268539e+04,-9.525544245122840948e+03
3.326152856762633845e+07,-3.388233771516677706e-01,9.241069126347367657e-01,-2.847017165990119247e+04,-1.025606003637450885e+04
3.338799825799754262e+07,-3.627763450498186493e-01,9.151303346692215568e-01,-2.819423019053079770e+04,-1.097943396289234261e+04
3.351446794836874679e+07,-3.864881564581394979e-01,9.055454204338465596e-01,-2.789968143604241777e+04,-1.169516919078226056e+04
3.364093763873995095e+07,-4.099431743031807240e-01,8.953588352119205007e-01,-2.758674831982564865e+04,-1.240277559204315548e+04
3.376740732911115140e+07,-4.331259556780905906e-01,8.845776556559130643e-01,-2.725566723443516457e+04,-1.310177015210450554e+04
3.389387701948235184e+07,-4.560212631210669998e-01,8.732093636052705721e-01,-2.690668778339515484e+04,-1.379167736694806445e+04
3.402034670985355973e+07,-4.786140756700221766e-01,8.612618395730936571e-01,-2.654007251005596481e+04,-1.447202962930969989e+04
3.414681640022476017e+07,-5.008895996827388286e-01,8.487433559111089432e-01,-2.615609661403819700e+04,-1.514236760348638563e+04
3.427328609059596062e+07,-5.228332794122731997e-01,8.356625696627525413e-01,-2.575504765581850370e+04,-1.580224058830352442e+04
3.439975578096716851e+07,-5.444308073277960291e-01,8.220285151145627633e-01,-2.533722525002962720e+04,-1.645120686782707344e+04
3.452622547133836895e+07,-5.656681341715916744e-01,8.078505960564021926e-01,-2.490294074806218850e+04,-1.708883404943729693e+04
3.465269516170956939e+07,-5.865314787434335875e-01,7.931385777613344512e-01,-2.445251691056961499e+04,-1.771469938891272250e+04
3.477916485208077729e+07,-6.070073374040377834e-01,7.779025786962923128e-01,-2.398628757049006890e+04,-1.832839010220418641e+04
3.490563454245197773e+07,-6.270824932898509951e-01,7.621530619749029567e-01,-2.350459728720863859e+04,-1.892950366361251508e+04
3.503210423282317817e+07,-6.467440252319609506e-01,7.459008265640661994e-01,-2.300780099249108025e+04,-1.951764809011620673e+04
3.515857392319438607e+07,-6.659793163724204712e-01,7.291569982561074692e-01,-2.249626362882736430e+04,-2.009244221162747635e+04
3.528504361356558651e+07,-6.847760624718501887e-01,7.119330204184746158e-01,-2.197035978082682050e+04,-2.065351592698903551e+04
3.541151330393678695e+07,-7.031222799027284642e-01,6.942406445330913112e-01,-2.143047330030912417e+04,-2.120051044555665430e+04
3.553798299430798739e+07,-7.210063133232899046e-01,6.760919205376267893e-01,-2.087699692573684661e+04,-2.173307851424433102e+04
3.566445268467919528e+07,-7.384168430275397377e-01,6.574991869809947431e-01,-2.031033189663300800e+04,-2.225088462994222573e+04
3.579092237505039573e+07,-7.553428919674021191e-01,6.384750610054881204e-01,-1.973088756362514323e+04,-2.275360523724846280e+04
3.591739206542159617e+07,-7.717738324435915453e-01,6.190324281679598917e-01,-1.913908099475173731e+04,-2.324092891148797207e+04
3.604386175579280406e+07,-7.876993924622941456e-01,5.991844321125106010e-01,-1.853533657866191061e+04,-2.371255652702108273e+04
3.617033144616400450e+07,-8.031096617553066253e-01,5.789444641070966568e-01,-1.792008562533045551e+04,-2.416820141087536467e+04
3.629680113653520495e+07,-8.179950974617993253e-01,5.583261524564319123e-01,-1.729376596490094016e+04,-2.460758948176312697e+04
3.642327082690641284e+07,-8.323465294703600303e-01,5.373433518035214407e-01,-1.665682154525982696e+04,-2.503045937457446416e+04
3.654974051727761328e+07,-8.461551654205049511e-01,5.160101323320498423e-01,-1.600970202893144233e+04,-2.543656255046366277e+04
3.667621020764881372e+07,-8.594125953633343640e-01,4.943407688817310630e-01,-1.535286238987021534e+04,-2.582566339267286821e+04
3.680267989802002162e+07,-8.721107960814687976e-01,4.723497299886305623e-01,-1.468676251071297702e+04,-2.619753928826131596e+04
3.692914958839122206e+07,-8.842421350688962622e-01,4.500516668622858152e-01,-1.401186678103738996e+04,-2.655198069593301625e+04
3.705561927876242250e+07,-8.957993741718117686e-01,4.274614023112734973e-01,-1.332864369715576504e+04,-2.688879120017844252e+04
3.718208896913363039e+07,-9.067756728919507125e-01,4.045939196287196560e-01,-1.263756546395687838e+04,-2.720778755196665588e+04
3.730855865950483084e+07,-9.171645913543655659e-01,3.814643514490040910e-01,-1.193910759928876905e+04,-2.750879969624514342e+04
3.743502834987603128e+07,-9.269600929419997692e-01,3.580879685866834583e-01,-1.123374854135614078e+04,-2.779167078652342752e+04
3.756149804024723917e+07,-9.361565465997908619e-01,3.344801688684538865e-01,-1.052196925958704378e+04,-2.805625718683367450e+04
3.768796773061843961e+07,-9.447487288114240211e-01,3.106564659686822938e-01,-9.804252869401858334e+03,-2.830242846137827655e+04
3.781443742098964006e+07,-9.527318252522180009e-01,2.866324782587675868e-01,-9.081084251296382718e+03,-2.853006735218917675e+04
3.794090711136084795e+07,-9.601014321219450975e-01,2.624239176803487283e-01,-8.352949674630495792e+03,-2.873906974513694877e+04
3.806737680173204839e+07,-9.668535571617271618e-01,2.380465786520488680e-01,-7.620336426490827762e+03,-2.892934462464023090e+04
3.819384649210324883e+07,-9.729846203594483267e-01,2.135163270191439422e-01,-6.883732445973732865e+03,-2.910081401743691094e+04
3.832031618247444928e+07,-9.784914543483972382e-01,1.888490890552729506e-01,-6.143625964213781117e+03,-2.925341292578770299e+04
3.844678587284565717e+07,-9.833713045041325707e-01,1.640608405249416313e-01,-5.400505150459081051e+03,-2.938708925049141544e+04
3.857325556321685761e+07,-9.876218287447973143e-01,1.391675958152867876e-01,-4.654857764473570569e+03,-2.950180370409774696e+04
3.869972525358805805e+07,-9.912410970403477961e-01,1.141853971452000821e-01,-3.907170815522815701e+03,-2.959752971470948250e+04
3.882619494395926595e+07,-9.942275906363570170e-01,8.913030385962714131e-02,-3.157930228179186088e+03,-2.967425332076999621e+04
3.895266463433046639e+07,-9.965802009982533960e-01,6.401838181648147885e-02,-2.407620515159014303e+03,-2.973197305723547106e+04
3.907913432470166683e+07,-9.982982284820207664e-01,3.886569287327332894e-02,-1.656724457382550327e+03,-2.977069983353323551e+04
3.920560401507287472e+07,-9.993813807375382385e-01,1.368828448025414049e-02,-9.057227914272532416e+02,-2.979045680370839546e+04
3.933207370544407517e+07,-9.998297708508745441e-01,-1.149782061350267809e-02,-1.550939045226663211e+02,-2.979127922916090756e+04
3.945854339581527561e+07,-9.996439152319694932e-01,-3.667663453500386722e-02,5.946864627855668459e+02,-2.977321433437394080e+04
3.958501308618648350e+07,-9.988247312542311018e-01,-6.183221433743795598e-02,1.343145506194005975e+03,-2.973632115603213242e+04
3.971148277655768394e+07,-9.973735346526628742e-01,-8.694867192006922041e-02,2.089813639334411164e+03,-2.968067038592516474e+04
3.983795246692888439e+07,-9.952920366872005653e-01,-1.120101838128491900e-01,2.834224767532961778e+03,-2.960634420802797831e+04
3.996442215730009228e+07,-9.925823410779889278e-01,-1.370010008209595065e-01,3.575916553584606845e+03,-2.951343613014395305e+04
4.009089184767129272e+07,-9.892469407193625885e-01,-1.619054575248647376e-01,4.314430675510618130e+03,-2.940205081049166984e+04
4.021736153804249316e+07,-9.852887141793154058e-01,-1.867079816317717689e-01,5.049313076284711315e+03,-2.927230387960918233e+04
4.034383122841370106e+07,-9.807109219912517606e-01,-2.113931031746670020e-01,5.780114205528559978e+03,-2.912432175794268551e+04
4.047030091878490150e+07,-9.755172027447986949e-01,-2.359454635554479318e-01,6.506389253194681260e+03,-2.895824146947839472e+04
4.059677060915610194e+07,-9.697115689824394869e-01,-2.603498244289660923e-01,7.227698375269857934e+03,-2.877421045176790358e+04
4.072324029952730983e+07,-9.632984029086997246e-01,-2.845910764250511038e-01,7.943606911545651201e+03,-2.857238636268842311e+04
4.084970998989851028e+07,-9.562824519185654237e-01,-3.086542477059099343e-01,8.653685595517468755e+03,-2.835293688426952576e+04
4.097617968026971072e+07,-9.486688239517524490e-01,-3.325245123565699346e-01,9.357510756486684841e+03,-2.811603952390790801e+04
4.110264937064091116e+07,-9.404629826793905467e-01,-3.561871986062639661e-01,1.005466451395139302e+04,-2.786188141328152778e+04
4.122911906101211905e+07,-9.316707425295959188e-01,-3.796277968789619761e-01,1.074473496438437178e+04,-2.759065910526330845e+04
4.135558875138331950e+07,-9.222982635583261146e-01,-4.028319676714646191e-01,1.142731636050644192e+04,-2.730257836912375205e+04
4.148205844175451994e+07,-9.123520461718045427e-01,-4.257855492577531376e-01,1.210200928317455146e+04,-2.699785398429997076e+04
4.160852813212572783e+07,-9.018389257067147557e-01,-4.484745652184696230e-01,1.276842080601175803e+04,-2.667670953299757821e+04
4.173499782249692827e+07,-8.907660668742399812e-01,-4.708852317946627952e-01,1.342616465291595341e+04,-2.633937719187958282e+04
4.186146751286812872e+07,-8.791409580738985818e-01,-4.930039650651421579e-01,1.407486134859193589e+04,-2.598609752308438692e+04
4.198793720323933661e+07,-8.669714055830245458e-01,-5.148173879469475356e-01,1.471413836225743762e+04,-2.561711926480339389e+04
4.211440689361053705e+07,-8.542655276275910037e-01,-5.363123370186667627e-01,1.534363024468114054e+04,-2.523269912163608024e+04
4.224087658398173749e+07,-8.410317483399369909e-01,-5.574758691665128163e-01,1.596297875871634096e+04,-2.483310155492810736e+04
4.236734627435294539e+07,-8.272787916088399918e-01,-5.782952680532055245e-01,1.657183300349787532e+04,-2.441859857328638100e+04
4.249381596472414583e+07,-8.130156748272125977e-01,-5.987580504098969358e-01,1.716984953247525118e+04,-2.398946952345225873e+04
4.262028565509534627e+07,-7.982517025425500679e-01,-6.188519721515252092e-01,1.775669246545856004e+04,-2.354600088170183153e+04
4.274675534546655416e+07,-7.829964600151322340e-01,-6.385650343160900189e-01,1.833203359485575857e+04,-2.308848604593088021e+04
4.287322503583775461e+07,-7.672598066888037804e-01,-6.578854888284990654e-01,1.889555248628337722e+04,-2.261722512856945104e+04
4.299969472620895505e+07,-7.510518695790067145e-01,-6.768018440897565213e-01,1.944693657373436872e+04,-2.213252475045913525e+04
4.312616441658016294e+07,-7.343830365826009565e-01,-6.953028703923378462e-01,1.998588124948726181e+04,-2.163469783581523006e+04
4.325263410695136338e+07,-7.172639497138365572e-01,-7.133776051627259696e-01,2.051208994894226635e+04,-2.112406340838372853e+04
4.337910379732256383e+07,-6.997054982706750748e-01,-7.310153580321714362e-01,2.102527423057020496e+04,-2.060094638889174166e+04
4.350557348769377172e+07,-6.817188119355334086e-01,-7.482057157367879574e-01,2.152515385115881509e+04,-2.006567739387970505e+04
4.363204317806497216e+07,-6.633152538143379795e-01,-7.649385468481955108e-01,2.201145683654105233e+04,-1.951859253599206932e+04
4.375851286843617260e+07,-6.445064134176223813e-01,-7.812040063359805275e-01,2.248391954798860388e+04,-1.896003322579255473e+04
4.388498255880737305e+07,-6.253040995872745089e-01,-7.969925399632682428e-01,2.294228674445124125e+04,-1.839034597516054782e+04
4.401145224917858094e+07,-6.057203333723554239e-01,-8.122948885167794453e-01,2.338631164082144460e+04,-1.780988220231414016e+04
4.413792193954978138e+07,-5.857673408572854346e-01,-8.271020918727514104e-01,2.381575596240028972e+04,-1.721899803849632735e+04
4.426439162992098182e+07,-5.654575459455185582e-01,-8.414054929001556493e-01,2.423038999573835827e+04,-1.661805413635050718e+04
4.439086132029218972e+07,-5.448035631017204006e-01,-8.551967412026312276e-01,2.462999263602106294e+04,-1.600741548000341936e+04
4.451733101066339016e+07,-5.238181900552880688e-01,-8.684677967005904886e-01,2.501435143116486870e+04,-1.538745119686382895e+04
4.464380070103459060e+07,-5.025144004679150678e-01,-8.812109330549534603e-01,2.538326262278668582e+04,-1.475853437113666769e+04
4.477027039140579849e+07,-4.809053365677964931e-01,-8.934187409339462427e-01,2.573653118420374449e+04,-1.412104185904508813e+04
4.489674008177699894e+07,-4.590043017529129576e-01,-9.050841311244064435e-01,2.607397085561724816e+04,-1.347535410574400339e+04
4.502320977214819938e+07,-4.368247531656955784e-01,-9.162003374890236307e-01,2.639540417662802065e+04,-1.282185496390110529e+04
4.514967946251940727e+07,-4.143802942412927459e-01,-9.267609197708976954e-01,2.670066251622667551e+04,-1.216093151391507672e+04
4.527614915289060771e+07,-3.916846672315018596e-01,-9.367597662467915809e-01,2.698958610039590712e+04,-1.149297388573286298e+04
4.540261884326180816e+07,-3.687517457063180237e-01,-9.461910962304175277e-01,2.726202403745673655e+04,-1.081837508222123142e+04
4.552908853363301605e+07,-3.455955270349757025e-01,-9.550494624270366995e-01,2.751783434128421504e+04,-1.013753080404269531e+04
4.565555822400421649e+07,-3.222301248482232761e-01,-9.633297531406281866e-01,2.775688395251247130e+04,-9.450839275978956721e+03
4.578202791437541693e+07,-2.986697614834681880e-01,-9.710271943348289803e-01,2.797904875784262185e+04,-8.758701074639460785e+03
4.590849760474662483e+07,-2.749287604143757502e-01,-9.781373515487785664e-01,2.818421360756024660e+04,-8.061518957488543492e+03
4.603496729511782527e+07,-2.510215386663807169e-01,-9.846561316689576016e-01,2.837227233136294672e+04,-7.359697693118732786e+03
4.616143698548902571e+07,-2.269625992194868880e-01,-9.905797845580460725e-01,2.854312775259166665e+04,-6.653643892693242378e+03
4.628790667586023360e+07,-2.027665233996921723e-01,-9.959049045417467383e-01,2.869669170095228765e+04,-5.943765842477641854e+03
4.641437636623143405e+07,-1.784479632602693766e-01,-1.000628431754464254e+00,2.883288502380734644e+04,-5.230473337375777191e+03
4.654084605660263449e+07,-1.540216339540665669e-01,-1.004747653344655545e+00,2.895163759611055139e+04,-4.514177515381514240e+03
4.666731574697383493e+07,-1.295023060979740848e-01,-1.008260204540577520e+00,2.905288832904932497e+04,-3.795290692855925045e+03
4.679378543734504282e+07,-1.049047981306019256e-01,-1.011164069577100255e+00,2.913658517745366044e+04,-3.074226200535282260e+03
4.692025512771624327e+07,-8.024396866420596686e-02,-1.013457582484156738e+00,2.920268514602195501e+04,-2.351398220173952268e+03
4.704672481808744371e+07,-5.553470883182108631e-02,-1.015139427737328237e+00,2.925115429440724620e+04,-1.627221621722981126e+03
4.717319450845865160e+07,-3.079193463057651112e-02,-1.016208640770971616e+00,2.928196774119960901e+04,-9.021118009448809971e+02
4.729966419882985204e+07,-6.030579262100933292e-03,-1.016664608354218347e+00,2.929510966683311563e+04,-1.764845173625084271e+02
4.742613388920105249e+07,1.873441452909593158e-02,-1.016507068830084126e+00,2.929057331543814144e+04,5.492442675611773666e+02
4.755260357957226038e+07,4.348810211835348050e-02,-1.015736112217836107e+00,2.926836099565215045e+04,1.274658552115283783e+03
4.767907326994346082e+07,6.821554466383769610e-02,-1.014352180178687890e+00,2.922848408039463175e+04,1.999342456009465195e+03
4.780554296031466126e+07,9.290181676890309215e-02,-1.012356065844795205e+00,2.917096300560412055e+04,2.722880382123174968e+03
4.793201265068586916e+07,1.175320141429318233e-01,-1.009748913511438806e+00,2.909582726792771791e+04,3.444857178438749088e+03
4.805848234105706960e+07,1.420912612597709512e-01,-1.006532218192200068e+00,2.900311542134591218e+04,4.164858300261920704e+03
4.818495203142827004e+07,1.665647190128707322e-01,-1.002707825036837530e+00,2.889287507270787683e+04,4.882469972832456733e+03
4.831142172179947793e+07,1.909375923661637553e-01,-9.982779286114958905e-01,2.876516287614498651e+04,5.597279354425165366e+03
4.843789141217067838e+07,2.151951379997333047e-01,-9.932450720407898226e-01,2.862004452632273387e+04,6.308874700041079450e+03
4.856436110254187882e+07,2.393226719492824450e-01,-9.876121460112194939e-01,2.845759475048366585e+04,7.016845525786658072e+03
4.869083079291308671e+07,2.633055772383333659e-01,-9.813823876353006126e-01,2.827789729922683546e+04,7.720782774035430521e+03
4.881730048328428715e+07,2.871293115020756570e-01,-9.745593791757051205e-01,2.808104493596170505e+04,8.420278979465014345e+03
4.894377017365548760e+07,3.107794146017280879e-01,-9.671470466286328227e-01,2.786713942496717573e+04,9.114928436059459273e+03
4.907023986402669549e+07,3.342415162281758279e-01,-9.591496581655657439e-01,2.763629151797950908e+04,9.804327365162442220e+03
4.919670955439789593e+07,3.575013434936186729e-01,-9.505718224324810617e-01,2.738862093922567146e+04,1.048807408466430934e+04
4.932317924476909637e+07,3.805447285098902954e-01,-9.414184867055224171e-01,2.712425636881152968e+04,1.116576917940193380e+04
4.944964893514029682e+07,4.033576159519908777e-01,-9.316949349020848814e-01,2.684333542436797143e+04,1.183701567284492194e+04
4.957611862551150471e+07,4.259260706053388246e-01,-9.214067854461883700e-01,2.654600464085084968e+04,1.250141920013837989e+04
4.970258831588270515e+07,4.482362848951190193e-01,-9.105599889869687713e-01,2.623241944838453855e+04,1.315858818256634368e+04
4.982905800625390559e+07,4.702745863960453021e-01,-8.991608259690533345e-01,2.590274414803199761e+04,1.380813400349569019e+04
4.995552769662511349e+07,4.920274453207076348e-01,-8.872159040535574359e-01,2.555715188536875212e+04,1.444967118585325261e+04
5.008199738699631393e+07,5.134814819846065248e-01,-8.747321553883787848e-01,2.519582462173162276e+04,1.508281757118390669e+04
5.020846707736751437e+07,5.346234742458618738e-01,-8.617168337264307088e-01,2.481895310300728670e+04,1.570719450033096837e+04
5.033493676773872226e+07,5.554403649174359803e-01,-8.481775113904379548e-01,2.442673682582061156e+04,1.632242699577249550e+04
5.046140645810992271e+07,5.759192691496227701e-01,-8.341220760828803593e-01,2.401938400097698468e+04,1.692814394564100076e+04
5.058787614848112315e+07,5.960474817804288783e-01,-8.195587275396414295e-01,2.359711151400758172e+04,1.752397828944665162e+04
5.071434583885233104e+07,6.158124846513095552e-01,-8.044959740259334247e-01,2.316014488266240733e+04,1.810956720551532635e+04
5.084081552922353148e+07,6.352019538856247260e-01,-7.889426286730381044e-01,2.270871821119081142e+04,1.868455230014574408e+04
5.096728521959473193e+07,6.542037671270384269e-01,-7.729078056544043118e-01,2.224307414124484058e+04,1.924857979848149262e+04
5.109375490996593982e+07,6.728060107349156382e-01,-7.564009161996718689e-01,2.176346379923767381e+04,1.980130073708412965e+04
5.122022460033714026e+07,6.909969869336590742e-01,-7.394316644451874865e-01,2.127014673998508442e+04,2.034237115818534585e+04
5.134669429070834070e+07,7.087652209127770497e-01,-7.220100431195930479e-01,2.076339088645464653e+04,2.087145230558694675e+04
5.147316398107954860e+07,7.260994678743004638e-01,-7.041463290631315708e-01,2.024347246544536756e+04,2.138821082216669674e+04
5.159963367145074904e+07,7.429887200240391509e-01,-6.858510785793230369e-01,1.971067593901725195e+04,2.189231894893921344e+04
5.172610336182194948e+07,7.594222135030199716e-01,-6.671351226177116844e-01,1.916529393148825329e+04,2.238345472561071801e+04
5.185257305219315737e+07,7.753894352552611613e-01,-6.480095617864705115e-01,1.860762715181537351e+04,2.286130219255515840e+04
5.197904274256435782e+07,7.908801298279131142e-01,-6.284857611936872646e-01,1.803798431117474684e+04,2.332555159412943249e+04
5.210551243293555826e+07,8.058843060996362384e-01,-6.085753451162251304e-01,1.745668203555489526e+04,2.377589958323426617e+04
5.223198212330675870e+07,8.203922439329049965e-01,-5.882901914951754740e-01,1.686404477317817873e+04,2.421204942701544132e+04
5.235845181367796659e+07,8.343945007458000163e-01,-5.676424262569622625e-01,1.626040469656473397e+04,2.463371121358959499e+04
5.248492150404916704e+07,8.478819179986740728e-01,-5.466444174593045879e-01,1.564610159905507317e+04,2.504060205966647845e+04
5.261139119442036748e+07,8.608456275909397437e-01,-5.253087692613156445e-01,1.502148278560810832e+04,2.543244631892849065e+04
5.273786088479157537e+07,8.732770581630502349e-01,-5.036483157171842695e-01,1.438690295769469594e+04,2.580897579101558586e+04
5.286433057516277581e+07,8.851679412986119821e-01,-4.816761143929855771e-01,1.374272409210854676e+04,2.616992993095226120e+04
5.299080026553397626e+07,8.965103176214200831e-01,-4.594054398063086575e-01,1.308931531351966078e+04,2.651505605884125180e+04
5.311726995590518415e+07,9.072965427820411932e-01,-4.368497766885765521e-01,1.242705276060044707e+04,2.684410956963570061e+04
5.324373964627638459e+07,9.175192933284463948e-01,-4.140228130700651099e-01,1.175631944555835071e+04,2.715685414279004908e+04
5.337020933664758503e+07,9.271715724550569915e-01,-3.909384331877998608e-01,1.107750510691409181e+04,2.745306195157753245e+04
5.349667902701879293e+07,9.362467156244165256e-01,-3.676107102167306961e-01,1.039100605537171032e+04,2.773251387184946361e+04
5.362314871738999337e+07,9.447383960555920668e-01,-3.440538988247434093e-01,9.697225012632285143e+03,2.799499968999993143e+04
5.374961840776119381e+07,9.526406300732828125e-01,-3.202824275522719866e-01,8.996570943010614428e+03,2.824031830988736328e+04
5.387608809813240170e+07,9.599477823114876962e-01,-2.963108910175268340e-01,8.289458877723413025e+03,2.846827795845203946e+04
5.400255778850360215e+07,9.666545707654877750e-01,-2.721540419485441453e-01,7.576309731725401434e+03,2.867869638975744601e+04
5.412902747887480259e+07,9.727560716857975853e-01,-2.478267830434947583e-01,6.857550112979322876e+03,2.887140108717163457e+04
5.425549716924601048e+07,9.782477243076389550e-01,-2.233441586609745122e-01,6.133612124057419351e+03,2.904622946339321061e+04
5.438196685961721092e+07,9.831253354094181551e-01,-1.987213463422140003e-01,5.404933155981978416e+03,2.920302905801593442e+04
5.450843654998841137e+07,9.873850836936118869e-01,-1.739736481674089286e-01,4.671955674224457653e+03,2.934165773231519779e+04
5.463490624035961926e+07,9.910235239833998788e-01,-1.491164819486827664e-01,3.935126996796495860e+03,2.946198386092913643e+04
5.476137593073081970e+07,9.940375912283377913e-01,-1.241653722624361106e-01,3.194899064378438197e+03,2.956388652009762154e+04
5.488784562110202014e+07,9.964246043123212715e-01,-9.913594132412482940e-02,2.451728202445111947e+03,2.964725567211299858e+04
5.501431531147322059e+07,9.981822696570615827e-01,-7.404389970884692196e-02,1.706074875364732179e+03,2.971199234562738275e+04
5.514078500184442848e+07,9.993086846142851254e-01,-4.890503692137015274e-02,9.584034324609040141e+02,2.975800881145346648e+04
5.526725469221562892e+07,9.998023406398618418e-01,-2.373521181958450008e-02,2.091818460452216186e+02,2.978522875348797243e+04
5.539372438258682936e+07,9.996621262430845922e-01,1.449657104362380095e-03,-5.411185585562573124e+02,2.979358743438012971e+04
5.552019407295803726e+07,9.988873297043485699e-01,2.663360158061389010e-02,-1.292023380940190691e+03,2.978303185556127937e+04
5.564666376332923770e+07,9.974776415545197894e-01,5.180061355091969411e-02,-2.043055431467242215e+03,2.975352091124649451e+04
5.577313345370043814e+07,9.954331568093447435e-01,7.693465528546876431e-02,-2.793735024929070732e+03,2.970502553601444743e+04
5.589960314407164603e+07,9.927543769523259343e-01,1.020196696216169041e-01,-3.543580281941929115e+03,2.963752884556821300e+04
5.602607283444284648e+07,9.894422116595774641e-01,1.270395903185884412e-01,-4.292107437949010091e+03,2.955102627027692506e+04
5.615254252481404692e+07,9.854979802602882311e-01,1.519783525218929010e-01,-5.038831159693186237e+03,2.944552568109651111e+04
5.627901221518525481e+07,9.809234129265410607e-01,1.768199033308170409e-01,-5.783264868999687678e+03,2.932104750746708305e+04
5.640548190555645525e+07,9.757206515863867669e-01,2.015482124620531779e-01,-6.524921073688141405e+03,2.917762484678488909e+04
5.653195159592765570e+07,9.698922505542231232e-01,2.261472830021842850e-01,-7.263311705411761977e+03,2.901530356504817973e+04
5.665842128629886359e+07,9.634411768727246805e-01,2.506011622413702455e-01,-7.997948464198339025e+03,2.883414238827918598e+04
5.678489097667006403e+07,9.563708103607555522e-01,2.748939525802833739e-01,-8.728343169446738102e+03,2.863421298432808908e+04
5.691136066704126447e+07,9.486849433619173322e-01,2.990098225020106359e-01,-9.454008117110302919e+03,2.841560003466984926e+04
5.703783035741247237e+07,9.403877801886306731e-01,3.229330176002745412e-01,-1.017445644277497740e+04,2.817840129581139990e+04
5.716430004778367281e+07,9.314839362568939629e-01,3.466478716550434602e-01,-1.088920249031873936e+04,2.792272764993406599e+04
5.729076973815487325e+07,9.219784369071378771e-01,3.701388177462878737e-01,-1.159776218581657486e+04,2.764870314440488437e+04
5.741723942852608114e+07,9.118767159068985606e-01,3.933903993962963308e-01,-1.229965341633182834e+04,2.735646501980115499e+04
5.754370911889728159e+07,9.011846136313348410e-01,4.163872817307063823e-01,-1.299439641321394083e+04,2.704616372610376129e+04
5.767017880926848203e+07,8.899083749179427238e-01,4.391142626481202016e-01,-1.368151413950082133e+04,2.671796292672762502e+04
5.779664849963968247e+07,8.780546465921841293e-01,4.615562839878610824e-01,-1.436053268100163223e+04,2.637203949007248593e+04
5.792311819001089036e+07,8.656304746610983258e-01,4.836984426852136698e-01,-1.503098164061632633e+04,2.600858346829215225e+04
5.804958788038209081e+07,8.526433011723589805e-01,5.055260019032061791e-01,-1.569239453542680349e+04,2.562779806299784468e+04
5.817605757075329125e+07,8.391009607366284317e-01,5.270244021297947334e-01,-1.634430919607600481e+04,2.522989957762901395e+04
5.830252726112449914e+07,8.250116767114989980e-01,5.481792722290481645e-01,-1.698626816793090256e+04,2.481511735624527864e+04
5.842899695149569958e+07,8.103840570457264691e-01,5.689764404347706916e-01,-1.761781911350833252e+04,2.438369370851349231e+04
5.855546664186690003e+07,7.952270897829060159e-01,5.894019452748130439e-01,-1.823851521562533526e+04,2.393588382068599094e+04
5.868193633223810792e+07,7.795501382242279176e-01,6.094420464141295790e-01,-1.884791558071842155e+04,2.347195565239010102e+04
5.880840602260930836e+07,7.633629357504019275e-01,6.290832354045319263e-01,-1.944558564176204163e+04,2.299218981907283523e+04
5.893487571298050880e+07,7.466755803033262584e-01,6.483122463289627824e-01,-2.003109756020250643e+04,2.249687945997037241e+04
5.906134540335171670e+07,7.294985285286020860e-01,6.671160663279886993e-01,-2.060403062630987552e+04,2.198633009149923237e+04
5.918781509372291714e+07,7.118425895804796344e-01,6.854819459961625228e-01,-2.116397165733988732e+04,2.146085944599321374e+04
5.931428478409411758e+07,6.937189185913371636e-01,7.033974096358552863e-01,-2.171051539288796630e+04,2.092079729573857912e+04
5.944075447446532547e+07,6.751390098083500657e-01,7.208502653561004170e-01,-2.224326488680782495e+04,2.036648526229041454e+04
5.956722416483652592e+07,6.561146894005132069e-01,7.378286150040186397e-01,-2.276183189506118651e+04,1.979827661108249595e+04
5.969369385520772636e+07,6.366581079397153342e-01,7.543208639164175056e-01,-2.326583725885962849e+04,1.921653603137394020e+04
5.982016354557893425e+07,6.167817325601367973e-01,7.703157304791808935e-01,-2.375491128245506115e+04,1.862163940160833226e+04
5.994663323595013469e+07,5.964983388007578657e-01,7.858022554821669781e-01,-2.422869410493416217e+04,1.801397354029223425e+04
6.007310292632133514e+07,5.758210021363082687e-01,8.007698112574406224e-01,-2.468683606537183732e+04,1.739393594253237461e+04
6.019957261669254303e+07,5.547630892025655625e-01,8.152081105887665213e-01,-2.512899806069956685e+04,1.676193450240450693e+04
6.032604230706374347e+07,5.333382487224209711e-01,8.291072153804821543e-01,-2.555485189564875327e+04,1.611838722135894204e+04
6.045251199743494391e+07,5.115604021396705781e-01,8.424575450740492411e-01,-2.596408062413438165e+04,1.546372190290064100e+04
6.057898168780614436e+07,4.894437339680575705e-01,8.552498848007777932e-01,-2.635637888145083343e+04,1.479837583381582590e+04
6.070545137817735225e+07,4.670026818635734656e-01,8.674753932594878592e-01,-2.673145320666163389e+04,1.412279545224847243e+04
6.083192106854855269e+07,4.442519264285836322e-01,8.791256103081255269e-01,-2.708902235457527786e+04,1.343743600296359546e+04
6.095839075891975313e+07,4.212063807568101614e-01,8.901924642586613867e-01,-2.742881759671276086e+04,1.274276118016523469e+04
6.108486044929096103e+07,3.978811797287504226e-01,9.006682788649084115e-01,-2.775058301068649598e+04,1.203924275826992925e+04
6.121133013966216147e+07,3.742916690675556768e-01,9.105457799932601404e-01,-2.805407575742758854e+04,1.132736021106629050e+04
6.133779983003336191e+07,3.504533941658616314e-01,9.198181019667323044e-01,-2.833906634571682662e+04,1.060760031972129946e+04
6.146426952040456980e+07,3.263820886945518196e-01,9.284787935730686170e-01,-2.860533888349459085e+04,9.880456770124324976e+03
6.159073921077577025e+07,3.020936630048329241e-01,9.365218237281256464e-01,-2.885269131544743868e+04,9.146429740086923630e+03
6.171720890114697069e+07,2.776041923354140573e-01,9.439415867861887799e-01,-2.908093564639273609e+04,8.406025476943497779e+03
6.184367859151817858e+07,2.529299048370156067e-01,9.507329074893373644e-01,-2.928989815000773160e+04,7.659755866124873137e+03
6.197014828188937902e+07,2.280871694267665450e-01,9.568910455484831434e-01,-2.947941956247675989e+04,6.908137991300184694e+03
6.209661797226057947e+07,2.030924834853970462e-01,9.624116998492153741e-01,-2.964935526065862723e+04,6.151693686705415530e+03
6.222308766263178736e+07,1.779624604104975416e-01,9.672910122761106955e-01,-2.979957542440561156e+04,5.390949082299616748e+03
6.234955735300298780e+07,1.527138170393730621e-01,9.715255711497248203e-01,-2.992996518269703665e+04,4.626434142408444131e+03
6.247602704337418824e+07,1.273633609552940749e-01,9.751124142710495546e-01,-3.004042474328244862e+04,3.858682198532720577e+03
6.260249673374539614e+07,1.019279776912283830e-01,9.780490315687868641e-01,-3.013086950556261218e+04,3.088229477017237969e+03
6.272896642411659658e+07,7.642461784531391633e-02,9.803333673454001085e-01,-3.020123015647104694e+04,2.315614622288183455e+03
6.285543611448779702e+07,5.087028412251805298e-02,9.819638221184974203e-01,-3.025145274915396658e+04,1.541378216380037202e+03
6.298190580485900491e+07,2.528201831712525646e-02,9.829392540547190471e-01,-3.028149876428216157e+04,7.660622954844677679e+02
6.310837549523020536e+07,-3.231117492202801125e-04,9.832589799939239761e-01,-3.029134515386505882e+04,-9.790135739054790065e+00
